path,changed,converted_blocks,skipped_blocks,incomplete_blocks,unsafe_blocks,already_pyodide_blocks,warnings
/Users/charlescurry/Documents/CTM_clone/CTM_prosjekter/projects-migrated/prosjekt-ny/08-poissonligning/index.qmd,True,4,0,0,0,0,
/Users/charlescurry/Documents/CTM_clone/CTM_prosjekter/projects-migrated/prosjekt-ny/mal-til-prosjektinnlevering-imax2022-imax2023-imax2024/index.qmd,False,0,0,0,0,0,
/Users/charlescurry/Documents/CTM_clone/CTM_prosjekter/projects-migrated/prosjekt-ny/pdl/index.qmd,False,0,0,0,0,0,
/Users/charlescurry/Documents/CTM_clone/CTM_prosjekter/projects-migrated/prosjekt-ny/pdl-2/index.qmd,False,0,0,0,0,0,
/Users/charlescurry/Documents/CTM_clone/CTM_prosjekter/projects-migrated/prosjekt-ny/pdl-lf/index.qmd,True,13,0,0,0,0,
/Users/charlescurry/Documents/CTM_clone/CTM_prosjekter/projects-migrated/prosjekt-ny/pdl-ny/index.qmd,False,0,0,0,0,0,
/Users/charlescurry/Documents/CTM_clone/CTM_prosjekter/projects-migrated/prosjekt-ny/prosjektoppgave-imax2022-imax2023-imax2024/index.qmd,False,0,0,0,0,0,
/Users/charlescurry/Documents/CTM_clone/CTM_prosjekter/projects-migrated/prosjekt-ny/untitled/index.qmd,True,3,0,0,0,0,
/Users/charlescurry/Documents/CTM_clone/CTM_prosjekter/projects-migrated/prosjekter-m1-jupyter/data-fasit/index.qmd,True,6,0,0,0,0,
/Users/charlescurry/Documents/CTM_clone/CTM_prosjekter/projects-migrated/prosjekter-m1-jupyter/data-oving-3-losningsforslag/index.qmd,True,5,0,0,0,0,
/Users/charlescurry/Documents/CTM_clone/CTM_prosjekter/projects-migrated/prosjekter-m1-jupyter/data-oving-3-oppgave/index.qmd,True,5,0,0,0,0,
/Users/charlescurry/Documents/CTM_clone/CTM_prosjekter/projects-migrated/prosjekter-m1-jupyter/data-oving2-losningsforslag/index.qmd,True,14,0,0,0,0,
/Users/charlescurry/Documents/CTM_clone/CTM_prosjekter/projects-migrated/prosjekter-m1-jupyter/data-oving2-oppgave/index.qmd,True,14,0,0,0,0,
/Users/charlescurry/Documents/CTM_clone/CTM_prosjekter/projects-migrated/prosjekter-m1-jupyter/data1/index.qmd,True,10,0,0,0,0,
/Users/charlescurry/Documents/CTM_clone/CTM_prosjekter/projects-migrated/prosjekter-m1-jupyter/data2/index.qmd,True,3,0,0,0,0,
/Users/charlescurry/Documents/CTM_clone/CTM_prosjekter/projects-migrated/prosjekter-m1-jupyter/data2-ny-utkast/index.qmd,True,13,0,0,0,0,
/Users/charlescurry/Documents/CTM_clone/CTM_prosjekter/projects-migrated/prosjekter-m1-jupyter/data3/index.qmd,True,3,0,0,0,0,
/Users/charlescurry/Documents/CTM_clone/CTM_prosjekter/projects-migrated/prosjekter-m1-jupyter/geomatikk2/index.qmd,True,2,0,0,0,0,
/Users/charlescurry/Documents/CTM_clone/CTM_prosjekter/projects-migrated/prosjekter-m1-jupyter/geomatikk2-losningsforslag/index.qmd,True,2,0,0,0,0,
/Users/charlescurry/Documents/CTM_clone/CTM_prosjekter/projects-migrated/prosjekter-m1-jupyter/geomatikk3/index.qmd,True,2,0,0,0,0,
/Users/charlescurry/Documents/CTM_clone/CTM_prosjekter/projects-migrated/prosjekter-m1-jupyter/geomatikk3-lf/index.qmd,True,2,0,0,0,0,
/Users/charlescurry/Documents/CTM_clone/CTM_prosjekter/projects-migrated/prosjekter-m1-jupyter/gps/index.qmd,True,7,0,0,0,0,
/Users/charlescurry/Documents/CTM_clone/CTM_prosjekter/projects-migrated/prosjekter-m1-jupyter/gps-fasit/index.qmd,True,7,0,0,0,0,
/Users/charlescurry/Documents/CTM_clone/CTM_prosjekter/projects-migrated/prosjekter-m1-jupyter/kjemi/index.qmd,True,3,0,0,0,0,
/Users/charlescurry/Documents/CTM_clone/CTM_prosjekter/projects-migrated/prosjekter-m1-jupyter/kjemi2/index.qmd,True,3,0,0,0,0,
/Users/charlescurry/Documents/CTM_clone/CTM_prosjekter/projects-migrated/prosjekter-m1-jupyter/kjemi2-losningsforslag/index.qmd,True,3,0,0,0,0,
/Users/charlescurry/Documents/CTM_clone/CTM_prosjekter/projects-migrated/prosjekter-m1-jupyter/kjemi3-lf/index.qmd,True,2,0,0,0,0,
/Users/charlescurry/Documents/CTM_clone/CTM_prosjekter/projects-migrated/prosjekter-m1-jupyter/kretser/index.qmd,True,2,0,0,0,0,
/Users/charlescurry/Documents/CTM_clone/CTM_prosjekter/projects-migrated/prosjekter-m1-jupyter/kretser2/index.qmd,True,3,0,0,0,0,
/Users/charlescurry/Documents/CTM_clone/CTM_prosjekter/projects-migrated/prosjekter-m1-jupyter/kretser2-losningsforslag/index.qmd,True,4,0,0,0,0,
/Users/charlescurry/Documents/CTM_clone/CTM_prosjekter/projects-migrated/prosjekter-m1-jupyter/kretser3/index.qmd,True,3,0,0,0,0,
/Users/charlescurry/Documents/CTM_clone/CTM_prosjekter/projects-migrated/prosjekter-m1-jupyter/kretser3-lf/index.qmd,True,3,0,0,0,0,
/Users/charlescurry/Documents/CTM_clone/CTM_prosjekter/projects-migrated/prosjekter-m1-jupyter/logistikk/index.qmd,True,4,0,0,0,0,
/Users/charlescurry/Documents/CTM_clone/CTM_prosjekter/projects-migrated/prosjekter-m1-jupyter/logistikk2/index.qmd,True,2,0,0,0,0,
/Users/charlescurry/Documents/CTM_clone/CTM_prosjekter/projects-migrated/prosjekter-m1-jupyter/logistikk2-losningsforslag/index.qmd,True,3,0,0,0,0,
/Users/charlescurry/Documents/CTM_clone/CTM_prosjekter/projects-migrated/prosjekter-m1-jupyter/logistikk3/index.qmd,True,6,0,0,0,0,
/Users/charlescurry/Documents/CTM_clone/CTM_prosjekter/projects-migrated/prosjekter-m1-jupyter/mekanikk1/index.qmd,False,0,0,0,0,9,
/Users/charlescurry/Documents/CTM_clone/CTM_prosjekter/projects-migrated/prosjekter-m1-jupyter/mekanikk2/index.qmd,True,2,0,0,0,0,
/Users/charlescurry/Documents/CTM_clone/CTM_prosjekter/projects-migrated/prosjekter-m1-jupyter/mekanikk2-ny/index.qmd,True,1,0,0,0,0,
/Users/charlescurry/Documents/CTM_clone/CTM_prosjekter/projects-migrated/prosjekter-m1-jupyter/mekanikk2-ny-losningsforslag/index.qmd,True,2,0,0,0,0,
/Users/charlescurry/Documents/CTM_clone/CTM_prosjekter/projects-migrated/prosjekter-m1-jupyter/mekanikk3/index.qmd,True,2,0,0,0,0,
/Users/charlescurry/Documents/CTM_clone/CTM_prosjekter/projects-migrated/prosjekter-m1-jupyter/mekanikk3-lf/index.qmd,True,2,0,0,0,0,
/Users/charlescurry/Documents/CTM_clone/CTM_prosjekter/projects-migrated/prosjekter-m1-runde-2/biohydrogen-pilot-student/index.qmd,True,15,0,9,0,0,
/Users/charlescurry/Documents/CTM_clone/CTM_prosjekter/projects-migrated/prosjekter-m1-runde-2/blysyrebatteri-pilot-student/index.qmd,True,20,0,8,0,0,
/Users/charlescurry/Documents/CTM_clone/CTM_prosjekter/projects-migrated/prosjekter-m1-runde-2/cellelogistikk-pilot-student/index.qmd,True,18,0,7,0,0,
/Users/charlescurry/Documents/CTM_clone/CTM_prosjekter/projects-migrated/prosjekter-m1-runde-2/dc-motor-pilot-student/index.qmd,True,18,0,14,0,0,
/Users/charlescurry/Documents/CTM_clone/CTM_prosjekter/projects-migrated/prosjekter-m1-runde-2/flystabilitet-turbulens-pilot-student/index.qmd,True,20,0,7,0,0,
/Users/charlescurry/Documents/CTM_clone/CTM_prosjekter/projects-migrated/prosjekter-m1-runde-2/fuktig-kjeller-pilot-student/index.qmd,True,21,0,11,0,0,
/Users/charlescurry/Documents/CTM_clone/CTM_prosjekter/projects-migrated/prosjekter-m1-runde-2/gjovik-space-agency-pilot-student/index.qmd,True,23,0,8,0,0,
/Users/charlescurry/Documents/CTM_clone/CTM_prosjekter/projects-migrated/prosjekter-m1-runde-2/glidelager-pilot-student/index.qmd,True,16,0,11,0,0,
/Users/charlescurry/Documents/CTM_clone/CTM_prosjekter/projects-migrated/prosjekter-m1-runde-2/glidelager-pilot-student-v2/index.qmd,True,17,0,9,0,0,
/Users/charlescurry/Documents/CTM_clone/CTM_prosjekter/projects-migrated/prosjekter-m1-runde-2/kavitasjon-pilot-student/index.qmd,True,11,0,6,0,0,
/Users/charlescurry/Documents/CTM_clone/CTM_prosjekter/projects-migrated/prosjekter-m1-runde-2/kjernedannelse-pilot-student/index.qmd,True,12,0,5,0,0,
/Users/charlescurry/Documents/CTM_clone/CTM_prosjekter/projects-migrated/prosjekter-m1-runde-2/kjernedannelse-pilot-v2/index.qmd,True,13,0,6,0,0,
/Users/charlescurry/Documents/CTM_clone/CTM_prosjekter/projects-migrated/prosjekter-m1-runde-2/lakselogistikk-pilot-student/index.qmd,True,13,0,5,0,0,
/Users/charlescurry/Documents/CTM_clone/CTM_prosjekter/projects-migrated/prosjekter-m1-runde-2/plastisk-deformasjon-pilot-student/index.qmd,True,11,0,5,0,0,
/Users/charlescurry/Documents/CTM_clone/CTM_prosjekter/projects-migrated/prosjekter-m1-runde-2/pumpekraftverk-pilot-student/index.qmd,True,20,0,11,0,0,
/Users/charlescurry/Documents/CTM_clone/CTM_prosjekter/projects-migrated/prosjekter-m1-runde-2/robotkinematikk-pilot-student/index.qmd,True,24,0,16,0,0,
/Users/charlescurry/Documents/CTM_clone/CTM_prosjekter/projects-migrated/prosjekter-m1-runde-2/rust-oksygentransport-pilot-student/index.qmd,True,12,0,8,0,0,
/Users/charlescurry/Documents/CTM_clone/CTM_prosjekter/projects-migrated/prosjekter-m1-runde-2/saltkraftverk-pilot-student/index.qmd,True,12,0,7,0,0,
/Users/charlescurry/Documents/CTM_clone/CTM_prosjekter/projects-migrated/prosjekter-m1-runde-2/skipstabilitet-pilot-student/index.qmd,True,16,0,12,0,0,
/Users/charlescurry/Documents/CTM_clone/CTM_prosjekter/projects-migrated/prosjekter-m1-runde-2/solcelle-dc-buss-pilot-student/index.qmd,True,20,0,11,0,0,
/Users/charlescurry/Documents/CTM_clone/CTM_prosjekter/projects-migrated/prosjekter-m1-runde-2/transformator-pilot-student/index.qmd,True,16,0,9,0,0,
/Users/charlescurry/Documents/CTM_clone/CTM_prosjekter/projects-migrated/prosjekter-m1-runde-2/vannett-trykk-scc-pilot-student/index.qmd,True,19,0,13,0,0,
/Users/charlescurry/Documents/CTM_clone/CTM_prosjekter/projects-migrated/prosjekter-m1-runde-2/varmestraling-bygg-radiositet-pilot-student/index.qmd,True,18,0,10,0,0,
/Users/charlescurry/Documents/CTM_clone/CTM_prosjekter/projects-migrated/prosjekter-m1-runde-2/watt-kobling-pilot-student/index.qmd,True,15,0,9,0,0,
/Users/charlescurry/Documents/CTM_clone/CTM_prosjekter/projects-migrated/prosjekter-m2-jupyter/a-ais/0-forside/index.qmd,True,1,0,0,0,0,
/Users/charlescurry/Documents/CTM_clone/CTM_prosjekter/projects-migrated/prosjekter-m2-jupyter/a-ais/1-laplacetransformasjon/index.qmd,False,0,0,0,0,0,
/Users/charlescurry/Documents/CTM_clone/CTM_prosjekter/projects-migrated/prosjekter-m2-jupyter/a-ais/1-laplacetransformasjon-lf/index.qmd,False,0,0,0,0,0,
/Users/charlescurry/Documents/CTM_clone/CTM_prosjekter/projects-migrated/prosjekter-m2-jupyter/a-ais/2-transferfunksjon/index.qmd,True,2,0,0,0,0,
/Users/charlescurry/Documents/CTM_clone/CTM_prosjekter/projects-migrated/prosjekter-m2-jupyter/a-ais/2-transferfunksjon-lf/index.qmd,True,2,0,0,0,0,
/Users/charlescurry/Documents/CTM_clone/CTM_prosjekter/projects-migrated/prosjekter-m2-jupyter/a-ais/3-bodeplot/index.qmd,True,5,0,0,0,0,
/Users/charlescurry/Documents/CTM_clone/CTM_prosjekter/projects-migrated/prosjekter-m2-jupyter/a-ais/3-bodeplot-lf/index.qmd,True,3,2,0,2,0,Line 56: skipped block requiring notebook magic. | Line 123: skipped block requiring notebook magic.
/Users/charlescurry/Documents/CTM_clone/CTM_prosjekter/projects-migrated/prosjekter-m2-jupyter/a-ais/4-filter/index.qmd,True,5,0,0,0,0,
/Users/charlescurry/Documents/CTM_clone/CTM_prosjekter/projects-migrated/prosjekter-m2-jupyter/a-ais/4-filter-lf/index.qmd,True,5,0,0,0,0,
/Users/charlescurry/Documents/CTM_clone/CTM_prosjekter/projects-migrated/prosjekter-m2-jupyter/a-elektro/index.qmd,True,1,0,0,0,0,
/Users/charlescurry/Documents/CTM_clone/CTM_prosjekter/projects-migrated/prosjekter-m2-jupyter/a-elektro-del2/index.qmd,True,4,0,0,0,0,
/Users/charlescurry/Documents/CTM_clone/CTM_prosjekter/projects-migrated/prosjekter-m2-jupyter/a-elektro-lf/index.qmd,True,12,0,0,0,0,
/Users/charlescurry/Documents/CTM_clone/CTM_prosjekter/projects-migrated/prosjekter-m2-jupyter/b-1/index.qmd,True,7,0,0,0,0,
/Users/charlescurry/Documents/CTM_clone/CTM_prosjekter/projects-migrated/prosjekter-m2-jupyter/b-1-del2/index.qmd,True,1,0,0,0,0,
/Users/charlescurry/Documents/CTM_clone/CTM_prosjekter/projects-migrated/prosjekter-m2-jupyter/b-1-lf/index.qmd,True,9,0,0,0,0,
/Users/charlescurry/Documents/CTM_clone/CTM_prosjekter/projects-migrated/prosjekter-m2-jupyter/b2-forny-skip-hav/index.qmd,True,5,0,0,0,0,
/Users/charlescurry/Documents/CTM_clone/CTM_prosjekter/projects-migrated/prosjekter-m2-jupyter/b2-forny-skip-hav-del2/index.qmd,True,1,0,0,0,0,
/Users/charlescurry/Documents/CTM_clone/CTM_prosjekter/projects-migrated/prosjekter-m2-jupyter/b2-forny-skip-hav-lf/index.qmd,True,10,0,0,0,0,
/Users/charlescurry/Documents/CTM_clone/CTM_prosjekter/projects-migrated/prosjekter-m2-jupyter/c-bygg/index.qmd,True,5,0,0,0,0,
/Users/charlescurry/Documents/CTM_clone/CTM_prosjekter/projects-migrated/prosjekter-m2-jupyter/c-bygg-del2/index.qmd,True,2,0,0,0,0,
/Users/charlescurry/Documents/CTM_clone/CTM_prosjekter/projects-migrated/prosjekter-m2-jupyter/c-bygg-lf/index.qmd,True,11,0,0,0,0,
/Users/charlescurry/Documents/CTM_clone/CTM_prosjekter/projects-migrated/prosjekter-m2-jupyter/d-data/index.qmd,True,5,0,0,0,0,
/Users/charlescurry/Documents/CTM_clone/CTM_prosjekter/projects-migrated/prosjekter-m2-jupyter/d-data-del2/index.qmd,True,1,0,0,0,0,
/Users/charlescurry/Documents/CTM_clone/CTM_prosjekter/projects-migrated/prosjekter-m2-jupyter/d-data-lf/index.qmd,True,5,1,0,1,0,"Line 25: skipped block requiring local filesystem, notebook magic."
/Users/charlescurry/Documents/CTM_clone/CTM_prosjekter/projects-migrated/prosjekter-m2-jupyter/d-logistikk/index.qmd,True,3,0,0,0,0,
/Users/charlescurry/Documents/CTM_clone/CTM_prosjekter/projects-migrated/prosjekter-m2-jupyter/d-logistikk-del2/index.qmd,True,1,0,0,0,0,
/Users/charlescurry/Documents/CTM_clone/CTM_prosjekter/projects-migrated/prosjekter-m2-jupyter/d-logistikk-lf/index.qmd,True,8,0,1,0,0,
